{
    "switzerland":0.2,
    "south korea":0.14285714285714285,
    "united states":0.12,
    "united kingdom":0.11764705882352941,
    "brazil":0.1111111111111111,
    "spain":0.09090909090909091,
    "new zealand":0.08823529411764706,
    "germany":0.0847457627118644,
    "india":0.07692307692307693,
    "australia":0.07692307692307693,
    "austria":0.07692307692307693,
    "france":0.07142857142857142,
    "hong kong":0.06976744186046512,
    "canada":0.0625,
    "japan":0.0625,
    "china":0.05263157894736842,
    "saudi arabia":0.03571428571428571,
    "israel":0.029411764705882353,
    "singapore":0.0,
    "netherlands":0.0
}