{
    "canada":0.16666666666666666,
    "japan":0.13636363636363635,
    "saudi arabia":0.12244897959183673,
    "singapore":0.10344827586206896,
    "germany":0.1,
    "united states":0.08695652173913043,
    "netherlands":0.07407407407407407,
    "israel":0.07142857142857142,
    "brazil":0.057692307692307696,
    "hong kong":0.05263157894736842,
    "australia":0.05128205128205128,
    "india":0.045454545454545456,
    "china":0.043478260869565216,
    "austria":0.038461538461538464,
    "south korea":0.03773584905660377,
    "spain":0.02857142857142857,
    "new zealand":0.025,
    "switzerland":0.023255813953488372,
    "france":0.0,
    "united kingdom":0.0
}