{
    "germany":0.15217391304347827,
    "switzerland":0.10526315789473684,
    "canada":0.10526315789473684,
    "singapore":0.09433962264150944,
    "australia":0.08333333333333333,
    "austria":0.08333333333333333,
    "united states":0.08163265306122448,
    "brazil":0.08108108108108109,
    "india":0.06521739130434782,
    "south korea":0.06060606060606061,
    "hong kong":0.05263157894736842,
    "united kingdom":0.05128205128205128,
    "new zealand":0.045454545454545456,
    "china":0.041666666666666664,
    "japan":0.04,
    "france":0.03333333333333333,
    "netherlands":0.0,
    "spain":0.0,
    "israel":0.0,
    "saudi arabia":0.0
}