{
    "japan":0.19130434782608696,
    "united states":0.18888888888888888,
    "saudi arabia":0.13253012048192772,
    "australia":0.1134020618556701,
    "netherlands":0.1111111111111111,
    "france":0.1,
    "new zealand":0.09090909090909091,
    "israel":0.078125,
    "singapore":0.07017543859649122,
    "canada":0.061855670103092786,
    "spain":0.056179775280898875,
    "austria":0.05333333333333334,
    "brazil":0.05333333333333334,
    "hong kong":0.04411764705882353,
    "india":0.04,
    "switzerland":0.02631578947368421,
    "south korea":0.02564102564102564,
    "united kingdom":0.018867924528301886,
    "china":0.017857142857142856,
    "germany":0.0
}