{
    "france":0.14285714285714285,
    "austria":0.13157894736842105,
    "japan":0.13095238095238096,
    "united states":0.12612612612612611,
    "switzerland":0.12173913043478261,
    "india":0.11392405063291139,
    "canada":0.09859154929577464,
    "australia":0.0967741935483871,
    "hong kong":0.09302325581395349,
    "south korea":0.07575757575757576,
    "new zealand":0.07142857142857142,
    "united kingdom":0.06451612903225806,
    "germany":0.057692307692307696,
    "spain":0.05357142857142857,
    "netherlands":0.04918032786885246,
    "china":0.0379746835443038,
    "singapore":0.03508771929824561,
    "israel":0.02631578947368421,
    "brazil":0.0,
    "saudi arabia":0.0
}