{
    "japan":0.1956521739130435,
    "new zealand":0.1553398058252427,
    "hong kong":0.14049586776859505,
    "netherlands":0.10810810810810811,
    "china":0.0975609756097561,
    "saudi arabia":0.09333333333333334,
    "united states":0.09090909090909091,
    "brazil":0.08771929824561403,
    "india":0.07317073170731707,
    "france":0.06818181818181818,
    "singapore":0.06779661016949153,
    "austria":0.058823529411764705,
    "united kingdom":0.05747126436781609,
    "south korea":0.053763440860215055,
    "australia":0.05333333333333334,
    "israel":0.04854368932038835,
    "spain":0.04597701149425287,
    "switzerland":0.034482758620689655,
    "germany":0.0196078431372549,
    "canada":0.0
}