,united states,united kingdom,germany,china,canada,india,israel,netherlands,australia,austria,france,japan,south korea,spain,singapore,saudi arabia,brazil,switzerland,hong kong,new zealand
GPT-3.5,1.191579320987304,2.358333457252046,1.5403259220167485,1.392419460813533,1.8727175454477205,1.7251038208831337,2.9724481548384394,1.0,2.093938839349931,1.0,2.518338679277495,3.6773171533066473,1.4476132262850148,1.323782549185023,1.034232381050773,1.2823138683436046,1.0,1.3921218599561478,1.0,1.6830163670122968
GPT-4o,0.9773217760140139,1.6110113965335426,1.836716992116402,1.4243194004787376,2.0761739384473126,2.951542678937846,1.6517697461171115,1.0,2.4303133755002406,1.0,1.0,1.8919807720881578,5.563518504843029,3.092395495686748,1.7564251443405974,1.2315503570972952,1.0,2.313991970004931,1.0,1.0
LLAMA70B,1.098793429009555,1.548312609686923,1.824726628576694,1.1500841624759506,1.683018167730333,2.422811311256411,4.888413835027584,1.0,1.0,1.0,5.810783143242419,5.133372501365288,1.536427143134466,2.151810272931928,1.788357607940006,1.610639581944241,1.0,2.631361232376545,1.0,2.210924140672023
