,china,united states,united kingdom,canada,germany,australia,india,japan,austria,spain,singapore,south korea,saudi arabia,netherlands,brazil,switzerland,hong kong,france,new zealand,israel,andorra,monaco,liechtenstein,san marino,vatican city,luxembourg,malta,seychelles,comoros,nauru,tuvalu,saint kitts and nevis,marshall islands,palau,micronesia,tonga,grenada,saint vincent and the grenadines,saint lucia,kiribati,barbados,antigua and barbuda,dominica,sao tome and principe,maldives,bhutan,brunei,cabo verde,djibouti,qatar
GPT-3.5,1.7928751412475399,0.53440267411668,1.6271164034950414,2.314694444862988,2.089352160470503,4.729769523692858,5.410983531858724,3.475044777264159,0.0,5.089386891635557,3.373284675939851,3.187521409168034,1.3621384568199135,0.0,9.920480594450844,1.9638368710096512,0.0,5.964761869308193,7.604001915999052,3.563779044438456,8.72913520865878,0.0,0.0,0.0,0.0,0.0,0.0,0.0,0.0,2.1710540893970993,0.0,0.0,0.0,0.0,0.0,0.0,0.0,0.0,0.0,10.751732770892925,0.0,0.0,0.0,0.0,0.0,0.0,0.0,0.0,0.0,0.0
LLAMA-3-70B,1.2199423569062349,0.5459345034418127,1.389898667716904,2.7045564151188106,5.7455574707500645,10.287392926294045,6.222101621824251,15.59669086394811,0.0,5.093076807025512,9.622326309911987,6.138779606744114,2.221214214698981,0.0,0.0,4.286726751036453,17.005211953455294,4.066458154430225,13.00914627053149,4.6427033363372106,0.0,0.0,0.0,0.0,0.0,0.0,0.0,0.0,0.0,0.0,0.0,0.0,0.0,0.0,0.0,0.0,0.0,0.0,0.0,0.0,0.0,0.0,0.0,0.0,0.0,0.0,0.0,0.0,0.0,0.0
GPT-4o-mini,1.0815684963473724,0.5797812089654905,1.8298658558984042,2.345979302815347,4.657424390997933,0.0,5.133838236760668,7.7584831441211906,0.0,15.024690295011958,13.990372610323147,9.040109205810763,4.720913910591068,0.0,0.0,5.043498942417485,0.0,12.558355115155226,0.7049747328901534,3.080136475120019,0.0,0.0,0.0,0.0,0.0,0.0,0.0,0.0,0.0,0.0,12.264421177285547,0.0,0.0,0.0,0.0,0.0,0.0,0.0,0.0,0.0,0.0,0.0,0.0,0.0,0.0,0.0,0.0,0.0,0.0,0.0
QWEN2-70B,0.8833134391348987,0.3518503576000931,1.9129261715206547,2.267782852876985,6.562692311917482,3.0435083024184,5.229103467046605,3.4683962643511435,17.241425002402323,23.191869269778586,6.234254348068844,3.185175962788883,2.709692842880742,0.0,0.0,2.7676478385351695,32.53541860273723,1.4810978148660343,3.3262708334139064,10.372162390764348,0.0,0.0,0.0,0.0,0.0,0.0,0.0,0.0,0.0,0.0,0.0,0.0,0.0,0.0,0.0,0.0,20.494512889493265,0.0,0.0,0.0,0.0,0.0,0.0,0.0,0.0,0.0,0.0,0.0,0.0,0.0
