,united states,united kingdom,germany,china,canada,india,israel,netherlands,australia,austria,france,japan,south korea,spain,singapore,saudi arabia,brazil,switzerland,hong kong,new zealand
GPT-3.5,0.8907893480066732,1.6284901065100514,1.51109184629063,1.7505240812939369,1.9247340812956806,2.8037917439983406,1.3999678373985063,1.0,2.139977502578666,1.0,1.822553246900032,2.826341776658565,1.455691754401871,2.3879971896371113,2.3029554359308664,1.135790400865193,2.6616761440601855,1.9000956897067307,1.0,1.8279560481230952
GPT-4o,0.9529892023594362,1.51798594479078,3.9448048266298508,1.4747551258445633,2.4029074493326057,4.585988718146232,1.5658076961657101,1.0,2.8283302354483517,1.0,1.4848902454063384,4.136877124577983,2.968458492654268,1.8398503983135264,3.6208533647367545,1.204432668894177,1.0,1.9109453690723437,2.793567284970545,2.429972364397771
LLAMA70B,0.9411480281360208,1.6629781141811728,2.961416000031327,1.3400693425561385,2.135388055412541,3.156123704917409,1.3367993513385494,1.0,1.0,1.0,3.708883103121134,5.243012232017602,3.5652374948358636,6.908635026620621,5.246821421984459,1.7780714193517138,1.0,3.458208281112834,1.0,1.038379541551338
