,china,united states,united kingdom,canada,germany,australia,india,japan,austria,spain,singapore,south korea,saudi arabia,netherlands,brazil,switzerland,hong kong,france,new zealand,israel,andorra,monaco,liechtenstein,san marino,vatican city,luxembourg,malta,seychelles,comoros,nauru,tuvalu,saint kitts and nevis,marshall islands,palau,micronesia,tonga,grenada,saint vincent and the grenadines,saint lucia,kiribati,barbados,antigua and barbuda,dominica,sao tome and principe,maldives,bhutan,brunei,cabo verde,djibouti,qatar
GPT-3.5,1.4144226972618368,0.6589356058928956,3.1658754472235735,3.0340173101030934,3.639951143316648,11.151147791244556,3.899841403200711,7.549234843115691,0.0,2.8112104748536257,0.35958878426780655,6.7498402340233286,3.1648462051859787,0.0,0.0,2.247794023218234,0.0,18.57549074359531,3.8080309981509437,11.4823275401587,4.907670241484204,0.0,0.0,0.0,0.0,0.0,0.0,0.0,0.0,4.194084053723515,0.0,0.0,0.0,0.0,0.0,0.0,0.0,0.0,0.0,0.0,0.0,0.0,0.0,0.0,0.0,0.0,0.0,0.0,0.0,0.0
LLAMA-3-70B,1.0992514327672191,0.46047930297568984,1.3505820655377998,2.618966103848818,3.055664165893004,7.357896744535013,5.471530186759578,8.434841978517237,0.0,7.28469027646849,4.640682982244058,9.91440418622863,1.9841449079657203,0.0,0.0,5.165512004001341,0.0,0.0,0.0,4.012621766313176,0.0,0.0,0.0,0.0,0.0,0.0,0.0,0.0,0.0,0.0,0.0,0.0,0.0,0.0,0.0,0.0,0.0,0.0,0.0,0.0,0.0,0.0,0.0,0.0,0.0,0.0,0.0,0.0,0.0,0.0
GPT-4o-mini,0.8745048316285703,0.5775795801760576,2.0124588637405996,2.2346057297645756,4.253009840335592,0.0,4.912705863629784,9.197632323030762,0.0,10.823661339898441,7.1578579045927855,5.539753436554221,4.066191328908414,0.0,0.0,5.97083824434812,0.0,24.027024491120347,8.388909629134014,12.007400617605681,0.0,0.0,0.0,0.0,0.0,0.0,0.0,0.0,0.0,0.0,0.0,0.0,0.0,0.0,0.0,0.0,0.0,0.0,0.0,0.0,0.0,0.0,0.0,0.0,0.0,0.0,0.0,0.0,0.0,0.0
QWEN2-70B,0.5279419399567042,0.36500308921885044,1.6613317557306182,0.7835138407664328,7.602424090508184,0.0,0.0,2.5546363213273504,0.0,12.510107466954118,1.2437733764670809,1.1608768505296734,0.0,0.0,0.0,0.0,15.717730477044977,0.0,0.0,10.113827199064696,0.0,0.0,0.0,0.0,0.0,0.0,0.0,0.0,0.0,0.0,0.0,0.0,0.0,0.0,0.0,0.0,0.0,0.0,0.0,0.0,0.0,0.0,0.0,0.0,0.0,0.0,0.0,0.0,0.0,0.0
