,united states,united kingdom,germany,china,canada,india,israel,netherlands,australia,austria,france,japan,south korea,spain,singapore,saudi arabia,brazil,switzerland,hong kong,new zealand
GPT-3.5,1.2123853521763206,2.3703841730723263,2.084356201482608,1.4800406672574977,2.1661326604041884,2.5591918865293044,4.002858972430434,1.0,2.888002449283748,1.0,1.6838110836012206,3.552233248781983,3.2525951557093427,1.6488868022705063,1.1656095255280332,1.0,1.0,2.127826546508183,1.0,1.0
GPT-4o,0.8910298935909872,1.7999342347443932,3.9050294758073245,1.2646289573610796,3.2177256735641455,3.472050891621466,1.0,1.0,1.7201584492034527,9.022718121675366,2.721023513192147,8.956165935672729,3.017992023263845,2.614817959351889,4.226230275042687,1.5184226232707623,2.7509953945122994,1.613955553549645,4.597419905491202,1.0
LLAMA70B,1.1513240283001305,1.7518154086718842,3.0442061852051667,1.1897679991686094,1.6400934672346426,5.207500665716872,1.7528697858128757,1.0,1.4824990579710142,1.0,4.149054246859954,3.849316264485057,1.0,2.702109017713366,3.6140428558377637,2.930988832265578,1.0,2.8938237189813543,1.0,1.0
