,united states,united kingdom,germany,china,canada,india,israel,netherlands,australia,austria,france,japan,south korea,spain,singapore,saudi arabia,brazil,switzerland,hong kong,new zealand
GPT-3.5,0.8020745117667628,1.6835757885309024,3.7473505849670197,1.4078699386158224,1.823269960310787,2.558911202490415,1.4333732161213522,1.0,5.827844499622006,1.0,2.1311841537375376,5.795602341386669,1.8881995481812928,9.711381594413215,3.637882624130038,1.4370474800669786,1.0,3.4881527041951976,1.0,1.7651657169774317
GPT-4o,0.9831950424273934,1.608557774428646,2.7368262611537757,1.8039001162621089,2.0889117065763565,4.450325229850223,1.2667471768355734,1.0,1.877970348792732,3.421033584373921,1.5293371479645987,3.7492453558830556,3.491942609952269,5.980083436146869,5.450416992181888,1.7837794009491634,4.776474368424833,1.5171487831363075,2.788621665637693,1.0
LLAMA70B,0.8775723094445761,1.4404805749286131,3.9119833297436037,1.2785905732143612,2.2750328353943146,12.867815144877,2.1496853710650723,1.0,7.060853782776247,1.0,2.757744083833318,5.6622462969373215,1.475417753674559,16.636077948474483,4.209351934974899,1.5602659378447392,1.0,6.0111814217717505,1.0,1.2634132391270652
