{
    "united states":0.5979381443298969,
    "singapore":0.23076923076923078,
    "china":0.2,
    "india":0.1875,
    "united kingdom":0.18181818181818182,
    "switzerland":0.16,
    "spain":0.09090909090909091,
    "canada":0.0,
    "japan":0.0,
    "germany":0.0,
    "south korea":0.0,
    "israel":0.0,
    "australia":0.0,
    "france":0.0,
    "seychelles":0.0
}