{
    "united states":0.6008492569002123,
    "united kingdom":0.18666666666666668,
    "japan":0.17391304347826086,
    "china":0.1511627906976744,
    "switzerland":0.09615384615384616,
    "canada":0.06896551724137931,
    "israel":0.0,
    "andorra":0.0,
    "spain":0.0,
    "india":0.0,
    "singapore":0.0,
    "saudi arabia":0.0,
    "germany":0.0,
    "australia":0.0,
    "france":0.0,
    "south korea":0.0,
    "new zealand":0.0,
    "nauru":0.0,
    "vatican city":0.0
}