{
    "united states":0.5695364238410596,
    "united kingdom":0.16666666666666666,
    "china":0.14285714285714285,
    "canada":0.11363636363636363,
    "japan":0.0784313725490196,
    "brazil":0.07692307692307693,
    "germany":0.06493506493506493,
    "switzerland":0.0,
    "singapore":0.0,
    "france":0.0,
    "israel":0.0,
    "south korea":0.0,
    "saudi arabia":0.0,
    "australia":0.0
}