{
    "GPT-3.5":{
        "CPS":[
            2.0342650880965283,
            NaN,
            NaN,
            0.22034488688138265,
            NaN,
            NaN
        ],
        "RPS":[
            2.0342650880965283,
            NaN,
            NaN,
            0.22034488688138265,
            NaN,
            NaN
        ]
    },
    "GPT-4o":{
        "CPS":[
            2.1413416836439794,
            2.3250731522053685,
            2.157078676889611,
            0.7473376520664818,
            1.157323218149931,
            1.009577091250147
        ],
        "RPS":[
            2.1413416836439794,
            2.3250731522053685,
            2.157078676889611,
            0.7473376520664818,
            1.157323218149931,
            1.009577091250147
        ]
    },
    "LLAMA70B":{
        "CPS":[
            1.8935541863864103,
            2.1728184871362117,
            1.899343316583538,
            0.3216982857088502,
            1.337877236659913,
            0.970607250532168
        ],
        "RPS":[
            1.8935541863864103,
            2.1728184871362117,
            1.899343316583538,
            0.3216982857088502,
            1.337877236659913,
            0.970607250532168
        ]
    }
}