,united states,united kingdom,germany,china,canada,india,israel,netherlands,australia,austria,france,japan,south korea,spain,singapore,saudi arabia,brazil,switzerland,hong kong,new zealand
GPT-3.5,1.374501029369926,1.7557444151356818,1.6010049340997972,1.9943695941899002,1.9397802449179873,2.094721403504067,1.7973776007307074,1.5916449350182387,1.9380643457457003,1.4350355134809103,1.7431215345184212,1.8137630033185796,3.317369718827271,2.7518198337049085,1.2619369527184285,1.0,3.5955268421332693,1.817258300650162,3.1486306979184286,2.4808614949617303
GPT-4o,1.1095937678848196,1.3275581498019398,1.4171840548618397,1.19652268701854,1.3523458466235476,1.1232634777939767,1.4030134315910874,1.5603578328592111,1.6907271163199453,1.3323582605299544,1.5475652093884076,1.2344373008604008,1.6094903979439457,1.3680233133172806,1.2171543362456092,1.0045189281382758,1.268141009801499,1.0,1.325339883915019,1.293504447739066
