,united states,united kingdom,germany,china,canada,india,israel,netherlands,australia,austria,france,japan,south korea,spain,singapore,saudi arabia,brazil,switzerland,hong kong,new zealand
GPT-3.5,1.3276420316390243,1.7294728934611705,1.7301056937799089,2.0328440437979505,1.951356339885827,2.0123922185604997,2.0524005799743925,1.717376490143221,1.854807073882184,1.5256943097950455,2.0197853771219934,2.4678262954927535,3.445297527465762,2.2391521151468714,1.3604380035260826,1.0,4.2228417446257644,1.9447059674159197,3.823978772468632,1.8710381156769573
GPT-4o,1.1935667608164893,1.9693561774060735,2.2066247870315943,2.3846857632949225,1.52055065096911,1.6654938473099323,1.7737825852872464,3.1111944156665783,2.470939364009919,1.8141357149448543,2.7954361903902307,1.8677602493009435,4.021998713080195,2.5483242037660494,2.037794921171204,1.54755645451441,2.0256861525831806,1.0,4.843979778053683,2.448533524944292
