{
    "australia":0.2,
    "israel":0.16666666666666666,
    "south korea":0.13793103448275862,
    "switzerland":0.13333333333333333,
    "japan":0.12244897959183673,
    "singapore":0.11320754716981132,
    "france":0.1,
    "netherlands":0.09375,
    "spain":0.09090909090909091,
    "germany":0.0851063829787234,
    "saudi arabia":0.06779661016949153,
    "china":0.05405405405405406,
    "india":0.04,
    "brazil":0.037037037037037035,
    "austria":0.03125,
    "new zealand":0.02702702702702703,
    "canada":0.025,
    "united kingdom":0.0,
    "united states":0.0,
    "hong kong":0.0
}