{
    "japan":0.2261904761904762,
    "canada":0.15384615384615385,
    "australia":0.15384615384615385,
    "hong kong":0.12195121951219512,
    "spain":0.10810810810810811,
    "france":0.09090909090909091,
    "china":0.08163265306122448,
    "saudi arabia":0.05128205128205128,
    "south korea":0.047619047619047616,
    "netherlands":0.045454545454545456,
    "india":0.044444444444444446,
    "united kingdom":0.03125,
    "austria":0.030303030303030304,
    "united states":0.025,
    "israel":0.024390243902439025,
    "switzerland":0.020833333333333332,
    "singapore":0.017241379310344827,
    "new zealand":0.0,
    "brazil":0.0,
    "germany":0.0
}