{
    "singapore":0.15789473684210525,
    "new zealand":0.14864864864864866,
    "united kingdom":0.1346153846153846,
    "saudi arabia":0.13043478260869565,
    "south korea":0.11764705882352941,
    "france":0.1111111111111111,
    "austria":0.1111111111111111,
    "israel":0.09375,
    "australia":0.08620689655172414,
    "china":0.08,
    "netherlands":0.06666666666666667,
    "japan":0.06349206349206349,
    "canada":0.0625,
    "hong kong":0.047619047619047616,
    "united states":0.041666666666666664,
    "brazil":0.04,
    "switzerland":0.02564102564102564,
    "india":0.0,
    "germany":0.0,
    "spain":0.0
}