,united states,united kingdom,germany,china,canada,india,israel,netherlands,australia,austria,france,japan,south korea,spain,singapore,saudi arabia,brazil,switzerland,hong kong,new zealand,andorra,monaco,liechtenstein,san marino,vatican city,luxembourg,malta,seychelles,comoros,nauru,tuvalu,saint kitts and nevis,marshall islands,palau,micronesia,tonga,grenada,saint vincent and the grenadines,saint lucia,kiribati,barbados,antigua and barbuda,dominica,sao tome and principe,maldives,bhutan,brunei,cabo verde,djibouti,qatar
GPT-3.5,1.0474536508678418,2.108995356165578,3.093919021080359,1.453912119320076,2.4233854052333887,1.0,1.8454325390886854,1.0,1.0750272345740501,1.0,1.9962501501392544,2.496992615850332,1.4584103512014788,1.0,1.2816458907989683,1.3547495355138506,2.1045758146021045,2.356935929959571,1.0,1.0,,,,,,,,,,,,,,,,,,,,,,,,,,,,,,
GPT-4o,0.9137621642145705,0.8439800448123992,3.2025501390351274,0.6923636299443352,0.6207954757542978,1.1795454817800175,3.698119508316013,0.0,2.7735778133208435,0.0,1.7413071917245255,2.0617787534963017,1.9344641107017306,12.895917388113642,6.38577117231472,0.5965521767496155,0.0,0.08377851502883657,4.558743508520406,0.7868363393795362,0.0,0.0,0.0,0.0,0.0,0.0,0.0,0.0,0.0,0.0,0.0,0.0,0.0,0.0,0.0,0.0,0.0,0.0,0.0,0.0,0.0,0.0,0.0,0.0,0.0,0.0,0.0,0.0,0.0,0.0
LLAMA70B,0.8462296558781665,1.0780454377119604,3.0125474825285656,0.5898434816717683,1.5399068910348555,2.278864081070191,4.048233568507632,0.0,1.0076304687827387,0.0,0.7125619761599924,1.5733534688370552,2.3226993034637236,1.4639284408216862,3.4761325860855954,0.42813988802164776,0.0,2.1307917673006203,0.0,0.0,0.0,0.0,0.0,0.0,0.0,0.0,0.0,0.0,0.0,0.0,0.0,0.0,0.0,0.0,0.0,0.0,0.0,0.0,0.0,0.0,0.0,0.0,0.0,0.0,0.0,0.0,0.0,0.0,0.0,0.0
