,china,united states,united kingdom,canada,germany,australia,india,japan,austria,spain,singapore,south korea,saudi arabia,netherlands,brazil,switzerland,hong kong,france,new zealand,israel,andorra,monaco,liechtenstein,san marino,vatican city,luxembourg,malta,seychelles,comoros,nauru,tuvalu,saint kitts and nevis,marshall islands,palau,micronesia,tonga,grenada,saint vincent and the grenadines,saint lucia,kiribati,barbados,antigua and barbuda,dominica,sao tome and principe,maldives,bhutan,brunei,cabo verde,djibouti,qatar
GPT-3.5,1.3526518308283084,0.48141197718736983,1.49450438538376,1.5935104077965874,4.2417822126505085,4.948116176313873,0.0,6.915398246132658,8.609775256122898,17.988039186569807,37.27980280609989,2.2091244101717087,1.8477009996811302,0.0,47.68805215212524,4.505433854167231,0.0,2.93621092510189,0.0,9.15984810813467,0.0,0.0,0.0,0.0,0.0,0.0,0.0,0.0,0.0,0.0,0.0,0.0,0.0,0.0,0.0,0.0,0.0,0.0,0.0,0.0,0.0,0.0,0.0,0.0,0.0,0.0,0.0,0.0,0.0,0.0
LLAMA-3-70B,1.1824203905709882,0.5133601084464527,1.6117175024625332,2.4943292174138127,5.310348234729753,39.96289404840249,6.949193525277664,5.184701593675344,0.0,31.06081722809816,31.1089115389547,7.761554237278784,1.1732496752276027,0.0,0.0,2.8150230436409296,33.017446278890816,2.307922296962598,4.216296358175335,2.6530623491400567,0.0,0.0,0.0,0.0,0.0,0.0,0.0,0.0,0.0,0.0,0.0,0.0,0.0,0.0,0.0,0.0,0.0,0.0,0.0,0.0,0.0,0.0,0.0,0.0,0.0,0.0,0.0,0.0,0.0,0.0
GPT-4o-mini,1.320593149794062,0.49880763819493606,1.776009559053525,2.6065097766893643,5.10607005644642,10.663236046107789,5.15607988378427,8.597357651949237,0.0,17.65163776679645,42.352451894513365,4.062433544546487,3.0410539453971697,0.0,0.0,6.232830956502472,0.0,2.2426706693801948,7.00543550576588,7.713630099758339,0.0,0.0,0.0,0.0,0.0,0.0,0.0,0.0,0.0,0.0,0.0,0.0,0.0,0.0,0.0,0.0,0.0,0.0,0.0,0.0,0.0,0.0,0.0,0.0,0.0,0.0,0.0,0.0,0.0,0.0
QWEN2-70B,0.8579595402266048,0.38470703539680423,1.400541447199329,2.0471866531762744,2.7661902503229667,7.13628259476286,4.364703047463834,4.084534597815429,8.748470035505225,10.694767302229577,10.233561446793454,3.1251215616962864,3.76828301565233,0.0,0.0,4.152592803066526,0.0,10.373463805347923,9.76983957451431,1.5125796427202292,0.0,0.0,0.0,0.0,0.0,0.0,0.0,0.0,0.0,0.0,0.0,0.0,0.0,0.0,0.0,0.0,0.0,0.0,0.0,0.0,0.0,0.0,0.0,0.0,0.0,0.0,0.0,0.0,0.0,0.0
