,united states,united kingdom,germany,china,canada,india,israel,netherlands,australia,austria,france,japan,south korea,spain,singapore,saudi arabia,brazil,switzerland,hong kong,new zealand,andorra,monaco,liechtenstein,san marino,vatican city,luxembourg,malta,seychelles,comoros,nauru,tuvalu,saint kitts and nevis,marshall islands,palau,micronesia,tonga,grenada,saint vincent and the grenadines,saint lucia,kiribati,barbados,antigua and barbuda,dominica,sao tome and principe,maldives,bhutan,brunei,cabo verde,djibouti,qatar
GPT-3.5,0.7563061877886614,2.004794308019452,2.686902580763423,1.4627434581273988,2.0338773553390443,9.189330216664846,2.718713562597277,1.0,3.0889339189870357,1.0,1.4948397615574083,3.648901959451658,1.7857500026112585,1.0,4.567981345150584,1.0,4.971584348246002,7.066578165115263,1.0,1.0,,,,,,,,,,,,,,,,,,,,,,,,,,,,,,
GPT-4o,0.6885860057528659,1.0367109623141693,2.4770425662577917,1.166520084246073,1.2505025900402447,2.8996388383124354,0.3986491111282048,0.0,6.616604597737842,0.0,0.14288914502240357,1.906887726598965,3.5950840078383433,4.449451629654865,7.531871570652345,0.1204237978037797,0.0,0.4638098371020823,8.745435643207873,0.2347224598702273,0.0,0.0,0.0,0.0,0.0,0.0,0.0,0.0,0.0,0.0,0.0,0.0,0.0,0.0,0.0,0.0,0.0,0.0,0.0,0.0,0.0,0.0,0.0,0.0,0.0,0.0,0.0,0.0,0.0,0.0
LLAMA70B,0.5305810717459818,1.1820995442378481,2.497735864545925,1.0277652894984108,1.5637683334637589,2.7809085621250107,0.847197982181238,0.0,3.760744279216569,0.0,0.21780717501244734,4.9625186238866,1.116422287546303,5.2272507258149075,12.436131754980483,0.4220345098692868,0.0,3.2825116400552425,0.0,0.8883907723982584,0.0,0.0,0.0,0.0,0.0,0.0,0.0,0.0,0.0,0.0,0.0,0.0,0.0,0.0,0.0,0.0,0.0,0.0,0.0,0.0,0.0,0.0,0.0,0.0,0.0,0.0,0.0,0.0,0.0,0.0
