{
    "Citeseer":{
        "CPS":[
            1.7522244016192914,
            2.4366987087501335,
            2.0764490734181114,
            0.0,
            0.0,
            0.0
        ],
        "RPS":[
            1.7522244016192914,
            2.4366987087501335,
            2.0764490734181114,
            0.0,
            0.0,
            0.0
        ]
    },
    "Cora":{
        "CPS":[
            1.3512924625284861,
            1.3186860919277228,
            1.335847339612335,
            0.0,
            0.0,
            0.0
        ],
        "RPS":[
            1.3512924625284861,
            1.3186860919277228,
            1.335847339612335,
            0.0,
            0.0,
            0.0
        ]
    }
}