{
    "united states":0.6657963446475196,
    "saudi arabia":0.375,
    "japan":0.17391304347826086,
    "united kingdom":0.16666666666666666,
    "china":0.1652892561983471,
    "canada":0.05454545454545454,
    "india":0.022727272727272728,
    "germany":0.0,
    "switzerland":0.0,
    "australia":0.0,
    "singapore":0.0,
    "france":0.0,
    "spain":0.0,
    "israel":0.0,
    "liechtenstein":0.0,
    "monaco":0.0,
    "saint kitts and nevis":0.0
}