{
    "united states":0.5768463073852296,
    "china":0.16062176165803108,
    "canada":0.1518987341772152,
    "south korea":0.15,
    "united kingdom":0.09782608695652174,
    "switzerland":0.08695652173913043,
    "israel":0.07692307692307693,
    "germany":0.02702702702702703,
    "india":0.017857142857142856,
    "japan":0.0,
    "spain":0.0,
    "australia":0.0,
    "singapore":0.0,
    "saudi arabia":0.0,
    "france":0.0,
    "netherlands":0.0,
    "new zealand":0.0
}