{
    "united states":0.610204081632653,
    "israel":0.16666666666666666,
    "australia":0.14814814814814814,
    "singapore":0.14285714285714285,
    "canada":0.13008130081300814,
    "france":0.125,
    "china":0.11949685534591195,
    "united kingdom":0.10606060606060606,
    "switzerland":0.1,
    "japan":0.08536585365853659,
    "spain":0.07142857142857142,
    "india":0.047619047619047616,
    "germany":0.0,
    "south korea":0.0,
    "new zealand":0.0,
    "saudi arabia":0.0,
    "tuvalu":0.0
}