{
    "united states":0.5667396061269147,
    "brazil":0.2222222222222222,
    "china":0.1821561338289963,
    "japan":0.15,
    "germany":0.1111111111111111,
    "south korea":0.08955223880597014,
    "canada":0.08888888888888889,
    "australia":0.0625,
    "france":0.0625,
    "singapore":0.058823529411764705,
    "switzerland":0.05555555555555555,
    "india":0.053763440860215055,
    "spain":0.03125,
    "united kingdom":0.028169014084507043,
    "hong kong":0.0,
    "austria":0.0,
    "saudi arabia":0.0
}