{
    "united states":0.5700757575757576,
    "china":0.17587939698492464,
    "germany":0.1111111111111111,
    "israel":0.10526315789473684,
    "united kingdom":0.1,
    "south korea":0.05357142857142857,
    "canada":0.045454545454545456,
    "japan":0.045454545454545456,
    "india":0.03125,
    "hong kong":0.0,
    "spain":0.0,
    "australia":0.0,
    "singapore":0.0,
    "switzerland":0.0,
    "new zealand":0.0,
    "france":0.0,
    "saudi arabia":0.0
}