{
    "united states":0.6065857885615251,
    "israel":0.2222222222222222,
    "china":0.22009569377990432,
    "south korea":0.125,
    "united kingdom":0.11851851851851852,
    "canada":0.11214953271028037,
    "saudi arabia":0.1,
    "spain":0.09523809523809523,
    "switzerland":0.08,
    "india":0.07142857142857142,
    "germany":0.05555555555555555,
    "australia":0.0,
    "japan":0.0,
    "france":0.0,
    "singapore":0.0
}