{
    
        "CiteSeer":{
            "CPS":[
                1.7522244016192914,
                2.4366987087501335,
                2.0764490734181114,
                0.0,
                0.0,
                0.0
            ],
            "RPS":[
                1.7522244016192914,
                2.4366987087501335,
                2.0764490734181114,
                0.0,
                0.0,
                0.0
            ]
        },
        "Cora":{
            "CPS":[
                1.3512924625284861,
                1.3186860919277228,
                1.335847339612335,
                0.0,
                0.0,
                0.0
            ],
            "RPS":[
                1.3512924625284861,
                1.3186860919277228,
                1.335847339612335,
                0.0,
                0.0,
                0.0
            ]
        },
        "GPT-3.5":{
            "CPS":[
                2.0342650880965283,
                1.9658528786379168,
                2.002604824278247,
                0.22034488688138265,
                0.19485584598177827,
                0.21016198480559192
            ],
            "RPS":[
                2.0342650880965283,
                1.9658528786379168,
                2.002604824278247,
                0.22034488688138265,
                0.19485584598177827,
                0.21016198480559192
            ]
        },
        
        "GPT-4o-mini":{
            "CPS":[
                2.2437313334541877,
                2.958800493076145,
                2.5792782778973584,
                0.17657959798699135,
                0.2927055522969586,
                0.06939046052943483
            ],
            "RPS":[
                2.2437313334541877,
                2.958800493076145,
                2.5792782778973584,
                0.17657959798699135,
                0.2927055522969586,
                0.06939046052943483
            ]
        },
        "LLAMA-3-70B":{
            "CPS":[
                2.4965586799078174,
                3.5295488955366943,
                3.01749475896091,
                0.5280601168180661,
                0.7138548119460205,
                0.5793256970057583
            ],
            "RPS":[
                2.4965586799078174,
                3.5295488955366943,
                3.01749475896091,
                0.5280601168180661,
                0.7138548119460205,
                0.5793256970057583
            ]
        },
        "QWEN2-70B":{
            "CPS":[
                1.2692465946183606,
                1.3715871619199973,
                1.29483173644377,
                0.0792177213605533,
                0.13418082571278953,
                0.02586808459221755
            ],
            "RPS":[
                1.2692465946183606,
                1.3715871619199973,
                1.29483173644377,
                0.0792177213605533,
                0.13418082571278953,
                0.02586808459221755
            ]
        }
    ,
    "PA":{
        "CPS":[
            1,
            1,
            1
        ],
        "RPS":[
            1,
            1,
            1,
            0,
            0,
            0
        ]
    }
}